<?xml version="1.0" encoding="UTF-8"?>
<beans:beans xmlns="http://www.springframework.org/schema/mvc"
             xmlns:xsi="http://www.w3.org/2001/XMLSchema-instance"
             xmlns:beans="http://www.springframework.org/schema/beans"
             xmlns:context="http://www.springframework.org/schema/context"
             xmlns:tx="http://www.springframework.org/schema/tx"
             xsi:schemaLocation="http://www.springframework.org/schema/mvc http://www.springframework.org/schema/mvc/spring-mvc.xsd
		http://www.springframework.org/schema/beans http://www.springframework.org/schema/beans/spring-beans.xsd
		http://www.springframework.org/schema/context http://www.springframework.org/schema/context/spring-context.xsd http://www.springframework.org/schema/tx http://www.springframework.org/schema/tx/spring-tx.xsd">

    <!-- DispatcherServlet Context: defines this servlet's request-processing infrastructure -->

    <!-- Enables the Spring MVC @Controller programming model -->
    <annotation-driven />

    <!-- Handles HTTP GET requests for /resources/** by efficiently serving up static resources in the ${webappRoot}/resources directory -->
    <resources mapping="/resources/**" location="/resources/" />

    <!-- Resolves views selected for rendering by @Controllers to .jsp resources in the /WEB-INF/views directory -->
    <beans:bean class="org.springframework.web.servlet.view.InternalResourceViewResolver">
        <beans:property name="prefix" value="/WEB-INF/view/" />
        <beans:property name="suffix" value=".jsp" />
    </beans:bean>

    <context:component-scan base-package="com.opetre.edureka" />

    <beans:import resource="security.xml"></beans:import>

    <!-- Hibernate for Spring Configuration -->
    <beans:bean id="jpaVendorAdapter" class="org.springframework.orm.jpa.vendor.HibernateJpaVendorAdapter">
        <beans:property name="database" value="HSQL" />
        <beans:property name="databasePlatform" value="org.hibernate.dialect.HSQLDialect" />
    </beans:bean>

    <!--<beans:bean id="jpaDialect" class="org.springframework.orm.jpa.vendor.HibernateJpaDialect" />-->

    <beans:bean id="dataSource"
		class="org.springframework.jdbc.datasource.DriverManagerDataSource">
 
		<beans:property name="driverClassName" value="com.mysql.jdbc.Driver" />
		<beans:property name="url" value="jdbc:mysql://localhost:3306/registry" />
		<beans:property name="username" value="root" />
		<beans:property name="password" value="root" />
    </beans:bean>

    <!-- Hibernate session factory -->
    <beans:bean id="sessionFactory" class="org.springframework.orm.hibernate4.LocalSessionFactoryBean">
        <beans:property name="dataSource">
            <beans:ref bean="dataSource" />
        </beans:property>
        <beans:property name="hibernateProperties">
            <beans:props>
                <beans:prop key="hibernate.dialect">org.hibernate.dialect.MySQL5Dialect</beans:prop>
                <beans:prop key="hibernate.show_sql">true</beans:prop>
            </beans:props>
        </beans:property>
        <beans:property name="packagesToScan" value="com.opetre.edureka.entity" />
    </beans:bean>

    <!-- Transaction Manager -->
    <beans:bean id="transactionManager" class="org.springframework.orm.hibernate5.HibernateTransactionManager">
        <beans:property name="sessionFactory" ref="sessionFactory"></beans:property>
    </beans:bean>

    <tx:annotation-driven transaction-manager="transactionManager" />

</beans:beans>
